股票代號,股票名稱,產業分類,市場別
1101,台泥,01,上市
1102,亞泥,01,上市
1103,嘉泥,01,上市
1104,環泥,01,上市
1108,幸福,01,上市
1109,信大,01,上市
1110,東泥,01,上市
1201,味全,02,上市
1203,味王,02,上市
1210,大成,02,上市
1213,大飲,02,上市
1215,卜蜂,02,上市
1216,統一,02,上市
1217,愛之味,02,上市
1218,泰山,02,上市
1219,福壽,02,上市
1220,台榮,02,上市
1225,福懋油,02,上市
1227,佳格,02,上市
1229,聯華,02,上市
1231,聯華食,02,上市
1232,大統益,02,上市
1233,天仁,02,上市
1234,黑松,02,上市
1235,興泰,02,上市
1236,宏亞,02,上市
1240,茂生農經,33,上櫃
1256,鮮活果汁-KY,02,上市
1259,安心,16,上櫃
1264,德麥,02,上櫃
1268,漢來美食,16,上櫃
1294,漢田生技,02,上櫃
1295,生合,02,上櫃
1301,台塑,03,上市
1303,南亞,03,上市
1304,台聚,03,上市
1305,華夏,03,上市
1307,三芳,03,上市
1308,亞聚,03,上市
1309,台達化,03,上市
1310,台苯,03,上市
1312,國喬,03,上市
1313,聯成,03,上市
1314,中石化,03,上市
1315,達新,03,上市
1316,上曜,14,上市
1319,東陽,12,上市
1321,大洋,03,上市
1323,永裕,03,上市
1324,地球,03,上市
1325,恆大,03,上市
1326,台化,03,上市
1336,台翰,28,上櫃
1337,再生-KY,03,上市
1338,廣華-KY,12,上市
1339,昭輝,12,上市
1340,勝悅-KY,03,上市
1341,富林-KY,03,上市
1342,八貫,20,上市
1402,遠東新,04,上市
1409,新纖,04,上市
1410,南染,04,上市
1413,宏洲,04,上市
1414,東和,04,上市
1416,廣豐,20,上市
1417,嘉裕,04,上市
1418,東華,04,上市
1419,新紡,04,上市
1423,利華,04,上市
1432,大魯閣,37,上市
1434,福懋,04,上市
1435,中福,20,上市
1436,華友聯,14,上市
1437,勤益控,20,上市
1438,三地開發,14,上市
1439,雋揚,14,上市
1440,南紡,04,上市
1441,大東,04,上市
1442,名軒,14,上市
1443,立益物流,20,上市
1444,力麗,04,上市
1445,大宇,04,上市
1446,宏和,04,上市
1447,力鵬,04,上市
1449,佳和,04,上市
1451,年興,04,上市
1452,宏益,04,上市
1453,大將,14,上市
1454,台富,04,上市
1455,集盛,04,上市
1456,怡華,14,上市
1457,宜進,04,上市
1459,聯發,04,上市
1460,宏遠,04,上市
1463,強盛新,04,上市
1464,得力,04,上市
1465,偉全,04,上市
1466,聚隆,04,上市
1467,南緯,04,上市
1468,昶和,04,上市
1470,大統新創,04,上市
1471,首利,28,上市
1472,三洋實業,14,上市
1473,台南,04,上市
1474,弘裕,04,上市
1475,業旺,04,上市
1476,儒鴻,04,上市
1477,聚陽,04,上市
1503,士電,05,上市
1504,東元,05,上市
1506,正道,05,上市
1512,瑞利,12,上市
1513,中興電,05,上市
1514,亞力,05,上市
1515,力山,05,上市
1516,川飛,20,上市
1517,利奇,05,上市
1519,華城,05,上市
1521,大億,12,上市
1522,堤維西,12,上市
1524,耿鼎,12,上市
1525,江申,12,上市
1526,日馳,05,上市
1527,鑽全,05,上市
1528,恩德,05,上市
1529,樂事綠能,05,上市
1530,亞崴,05,上市
1531,高林股,05,上市
1532,勤美,05,上市
1533,車王電,12,上市
1535,中宇,05,上市
1536,和大,12,上市
1537,廣隆,05,上市
1538,正峰,05,上市
1539,巨庭,05,上市
1540,喬福,05,上市
1541,錩泰,05,上市
1558,伸興,05,上市
1560,中砂,05,上市
1563,巧新,12,上市
1565,精華,22,上櫃
1568,倉佑,12,上市
1569,濱川,25,上櫃
1570,力肯,05,上櫃
1580,新麥,05,上櫃
1582,信錦,28,上市
1583,程泰,05,上市
1584,精剛,20,上櫃
1586,和勤,05,上櫃
1587,吉茂,12,上市
1589,永冠-KY,05,上市
1590,亞德客-KY,05,上市
1591,駿吉-KY,05,上櫃
1593,祺驊,37,上櫃
1595,川寶,28,上櫃
1597,直得,05,上市
1598,岱宇,37,上市
1599,宏佳騰,05,上櫃
1603,華電,06,上市
1604,聲寶,06,上市
1605,華新,06,上市
1608,華榮,06,上市
1609,大亞,06,上市
1611,中電,06,上市
1612,宏泰,06,上市
1614,三洋電,06,上市
1615,大山,06,上市
1616,億泰,06,上市
1617,榮星,06,上市
1618,合機,06,上市
1623,大東電,06,上市
1626,艾美特-KY,06,上市
1702,南僑,02,上市
1707,葡萄王,22,上市
1708,東鹼,21,上市
1709,和益,21,上市
1710,東聯,21,上市
1711,永光,21,上市
1712,興農,21,上市
1713,國化,21,上市
1714,和桐,21,上市
1717,長興,21,上市
1718,中纖,21,上市
1720,生達,22,上市
1721,三晃,21,上市
1722,台肥,21,上市
1723,中碳,21,上市
1725,元禎,21,上市
1726,永記,21,上市
1727,中華化,21,上市
1730,花仙子,21,上市
1731,美吾華,22,上市
1732,毛寶,21,上市
1733,五鼎,22,上市
1734,杏輝,22,上市
1735,日勝化,21,上市
1736,喬山,37,上市
1737,臺鹽,02,上市
1742,台蠟,21,上櫃
1752,南光,22,上市
1760,寶齡富錦,22,上市
1762,中化生,22,上市
1773,勝一,21,上市
1776,展宇,21,上市
1777,生泰,22,上櫃
1781,合世,22,上櫃
1783,和康生,22,上市
1784,訊聯,22,上櫃
1785,光洋科,31,上櫃
1786,科妍,22,上市
1788,杏昌,22,上櫃
1789,神隆,22,上市
1795,美時,22,上市
1796,金穎生技,02,上櫃
1799,易威,22,上櫃
1802,台玻,08,上市
1805,寶徠,14,上市
1806,冠軍,08,上市
1808,潤隆,14,上市
1809,中釉,08,上市
1810,和成,08,上市
1813,寶利徠,22,上櫃
1815,富喬,28,上櫃
1817,凱撒衛,08,上市
1903,士紙,09,上市
1904,正隆,09,上市
1905,華紙,09,上市
1906,寶隆,09,上市
1907,永豐餘,09,上市
1909,榮成,09,上市
2002,中鋼,10,上市
2006,東和鋼鐵,10,上市
2007,燁興,10,上市
2008,高興昌,10,上市
2009,第一銅,10,上市
2010,春源,10,上市
2012,春雨,10,上市
2013,中鋼構,10,上市
2014,中鴻,10,上市
2015,豐興,10,上市
2017,官田鋼,10,上市
2020,美亞,10,上市
2022,聚亨,10,上市
2023,燁輝,10,上市
2024,志聯,10,上市
2025,千興,10,上市
2027,大成鋼,10,上市
2028,威致,10,上市
2029,盛餘,10,上市
2030,彰源,10,上市
2031,新光鋼,10,上市
2032,新鋼,10,上市
2033,佳大,10,上市
2034,允強,10,上市
2035,唐榮公司,10,上櫃
2038,海光,10,上市
2049,上銀,05,上市
2059,川湖,28,上市
2061,風青,06,上櫃
2062,橋椿,38,上市
2063,世鎧精密,10,上櫃
2064,晉椿,10,上櫃
2065,世豐,10,上櫃
2066,世德,05,上櫃
2067,嘉鋼,05,上櫃
2069,運錩,10,上市
2070,精湛,05,上櫃
2073,雄順,10,上櫃
2101,南港,11,上市
2102,泰豐,11,上市
2103,台橡,11,上市
2104,國際中橡,11,上市
2105,正新,11,上市
2106,建大,11,上市
2107,厚生,11,上市
2108,南帝,11,上市
2109,華豐,11,上市
2114,鑫永銓,11,上市
2115,六暉-KY,12,上市
2201,裕隆,12,上市
2204,中華,12,上市
2206,三陽工業,12,上市
2207,和泰車,12,上市
2208,台船,15,上市
2211,長榮鋼,10,上市
2221,大甲,20,上櫃
2227,裕日車,12,上市
2228,劍麟,12,上市
2230,泰茂,05,上櫃
2231,為升,12,上市
2233,宇隆,12,上市
2235,謚源,05,上櫃
2236,百達-KY,12,上市
2239,英利-KY,12,上市
2241,艾姆勒,12,上市
2243,宏旭-KY,12,上市
2247,汎德永業,12,上市
2248,華勝-KY,12,上市
2250,IKKA-KY,12,上市
2254,巨鎧精密-創,12,上市
2258,鴻華先進-創,12,上市
2301,光寶科,25,上市
2302,麗正,24,上市
2303,聯電,24,上市
2305,全友,25,上市
2308,台達電,28,上市
2312,金寶,31,上市
2313,華通,28,上市
2314,台揚,27,上市
2316,楠梓電,28,上市
2317,鴻海,31,上市
2321,東訊,27,上市
2323,中環,26,上市
2324,仁寶,25,上市
2327,國巨*,28,上市
2328,廣宇,28,上市
2329,華泰,24,上市
2330,台積電,24,上市
2331,精英,25,上市
2332,友訊,27,上市
2337,旺宏,24,上市
2338,光罩,24,上市
2340,台亞,24,上市
2342,茂矽,24,上市
2344,華邦電,24,上市
2345,智邦,27,上市
2347,聯強,29,上市
2348,海悅,20,上市
2349,錸德,26,上市
2351,順德,24,上市
2352,佳世達,25,上市
2353,宏碁,25,上市
2354,鴻準,31,上市
2355,敬鵬,28,上市
2356,英業達,25,上市
2357,華碩,25,上市
2359,所羅門,31,上市
2360,致茂,31,上市
2362,藍天,25,上市
2363,矽統,24,上市
2364,倫飛,25,上市
2365,昆盈,25,上市
2367,燿華,28,上市
2368,金像電,28,上市
2369,菱生,24,上市
2371,大同,05,上市
2373,震旦行,31,上市
2374,佳能,26,上市
2375,凱美,28,上市
2376,技嘉,25,上市
2377,微星,25,上市
2379,瑞昱,24,上市
2380,虹光,25,上市
2382,廣達,25,上市
2383,台光電,28,上市
2385,群光,28,上市
2387,精元,25,上市
2388,威盛,24,上市
2390,云辰,31,上市
2392,正崴,28,上市
2393,億光,26,上市
2395,研華,25,上市
2397,友通,25,上市
2399,映泰,25,上市
2401,凌陽,24,上市
2402,毅嘉,28,上市
2404,漢唐,31,上市
2405,輔信,25,上市
2406,國碩,26,上市
2408,南亞科,24,上市
2409,友達,26,上市
2412,中華電,27,上市
2413,環科,28,上市
2414,精技,29,上市
2415,錩新,28,上市
2417,圓剛,25,上市
2419,仲琦,27,上市
2420,新巨,28,上市
2421,建準,28,上市
2423,固緯,31,上市
2424,隴華,27,上市
2425,承啟,25,上市
2426,鼎元,26,上市
2427,三商電,30,上市
2428,興勤,28,上市
2429,銘旺科,26,上市
2430,燦坤,29,上市
2431,聯昌,28,上市
2432,倚天酷碁-創,25,上市
2433,互盛電,31,上市
2434,統懋,24,上市
2436,偉詮電,24,上市
2438,翔耀,26,上市
2439,美律,27,上市
2440,太空梭,28,上市
2441,超豐,24,上市
2442,新美齊,14,上市
2444,兆勁,27,上市
2449,京元電子,24,上市
2450,神腦,27,上市
2451,創見,24,上市
2453,凌群,30,上市
2454,聯發科,24,上市
2455,全新,27,上市
2457,飛宏,28,上市
2458,義隆,24,上市
2459,敦吉,31,上市
2460,建通,28,上市
2461,光群雷,31,上市
2462,良得電,28,上市
2464,盟立,31,上市
2465,麗臺,25,上市
2466,冠西電,26,上市
2467,志聖,28,上市
2468,華經,30,上市
2471,資通,30,上市
2472,立隆電,28,上市
2474,可成,31,上市
2476,鉅祥,28,上市
2477,美隆電,31,上市
2478,大毅,28,上市
2480,敦陽科,30,上市
2481,強茂,24,上市
2482,連宇,31,上市
2483,百容,28,上市
2484,希華,28,上市
2485,兆赫,27,上市
2486,一詮,26,上市
2488,漢平,31,上市
2489,瑞軒,26,上市
2491,吉祥全,26,上市
2492,華新科,28,上市
2493,揚博,28,上市
2495,普安,25,上市
2496,卓越,20,上市
2497,怡利電,12,上市
2498,宏達電,27,上市
2501,國建,14,上市
2504,國產,14,上市
2505,國揚,14,上市
2506,太設,14,上市
2509,全坤建,14,上市
2511,太子,14,上市
2514,龍邦,20,上市
2515,中工,14,上市
2516,新建,14,上市
2520,冠德,14,上市
2524,京城,14,上市
2527,宏璟,14,上市
2528,皇普,14,上市
2530,華建,14,上市
2534,宏盛,14,上市
2535,達欣工,14,上市
2536,宏普,14,上市
2537,聯上發,14,上市
2538,基泰,14,上市
2539,櫻花建,14,上市
2540,愛山林,14,上市
2542,興富發,14,上市
2543,皇昌,14,上市
2545,皇翔,14,上市
2546,根基,14,上市
2547,日勝生,14,上市
2548,華固,14,上市
2596,綠意,14,上櫃
2597,潤弘,14,上市
2601,益航,18,上市
2603,長榮,15,上市
2605,新興,15,上市
2606,裕民,15,上市
2607,榮運,15,上市
2608,嘉里大榮,15,上市
2609,陽明,15,上市
2610,華航,15,上市
2611,志信,15,上市
2612,中航,15,上市
2613,中櫃,15,上市
2614,東森,20,上市
2615,萬海,15,上市
2616,山隆,23,上市
2617,台航,15,上市
2618,長榮航,15,上市
2630,亞航,15,上市
2633,台灣高鐵,15,上市
2634,漢翔,15,上市
2636,台驊控股,15,上市
2637,慧洋-KY,15,上市
2640,大車隊,36,上櫃
2641,正德,15,上櫃
2642,宅配通,15,上市
2643,捷迅,15,上櫃
2645,長榮航太,15,上市
2646,星宇航空,15,上市
2701,萬企,16,上市
2702,華園,16,上市
2704,國賓,16,上市
2705,六福,16,上市
2706,第一店,16,上市
2707,晶華,16,上市
2712,遠雄來,16,上市
2718,全心投控,14,上櫃
2719,燦星旅,16,上櫃
2722,夏都,16,上市
2723,美食-KY,16,上市
2724,藝舍-KY,20,上櫃
2726,雅茗-KY,16,上櫃
2727,王品,16,上市
2729,瓦城,16,上櫃
2731,雄獅,16,上市
2732,六角,16,上櫃
2734,易飛網,16,上櫃
2736,富野,16,上櫃
2739,寒舍,16,上市
2740,華軒,16,上櫃
2743,山富,16,上櫃
2745,五福,16,上櫃
2748,雲品,16,上市
2751,王座,16,上櫃
2752,豆府,16,上櫃
2753,八方雲集,16,上市
2754,亞洲藏壽司,16,上櫃
2755,揚秦,16,上櫃
2756,聯發國際,16,上櫃
2762,世界健身-KY,37,上市
2801,彰銀,17,上市
2812,台中銀,17,上市
2816,旺旺保,17,上市
2820,華票,17,上市
2832,台產,17,上市
2834,臺企銀,17,上市
2836,高雄銀,17,上市
2838,聯邦銀,17,上市
2845,遠東銀,17,上市
2849,安泰銀,17,上市
2850,新產,17,上市
2851,中再保,17,上市
2852,第一保,17,上市
2855,統一證,17,上市
2867,三商壽,17,上市
2880,華南金,17,上市
2881,富邦金,17,上市
2882,國泰金,17,上市
2883,凱基金,17,上市
2884,玉山金,17,上市
2885,元大金,17,上市
2886,兆豐金,17,上市
2887,台新新光金,17,上市
2889,國票金,17,上市
2890,永豐金,17,上市
2891,中信金,17,上市
2892,第一金,17,上市
2897,王道銀行,17,上市
2901,欣欣,18,上市
2903,遠百,18,上市
2904,匯僑,20,上市
2905,三商,18,上市
2906,高林,18,上市
2908,特力,18,上市
2910,統領,18,上市
2911,麗嬰房,18,上市
2912,統一超,18,上市
2913,農林,18,上市
2915,潤泰全,18,上市
2916,滿心,38,上櫃
2923,鼎固-KY,14,上市
2924,宏太-KY,38,上櫃
2926,誠品生活,32,上櫃
2929,淘帝-KY,18,上市
2937,集雅社,38,上櫃
2939,永邑-KY,18,上市
2941,米斯特,38,上櫃
2945,三商家購,18,上市
2947,振宇五金,38,上櫃
2948,寶陞,38,上櫃
2949,欣新網,36,上櫃
3002,歐格,25,上市
3003,健和興,28,上市
3004,豐達科,10,上市
3005,神基,25,上市
3006,晶豪科,24,上市
3008,大立光,26,上市
3010,華立,29,上市
3011,今皓,28,上市
3013,晟銘電,25,上市
3014,聯陽,24,上市
3015,全漢,28,上市
3016,嘉晶,24,上市
3017,奇鋐,25,上市
3018,隆銘綠能,31,上市
3019,亞光,26,上市
3021,鴻名,28,上市
3022,威強電,25,上市
3023,信邦,28,上市
3024,憶聲,26,上市
3025,星通,27,上市
3026,禾伸堂,28,上市
3027,盛達,27,上市
3028,增你強,29,上市
3029,零壹,30,上市
3030,德律,31,上市
3031,佰鴻,26,上市
3032,偉訓,28,上市
3033,威健,29,上市
3034,聯詠,24,上市
3035,智原,24,上市
3036,文曄,29,上市
3037,欣興,28,上市
3038,全台,26,上市
3040,遠見,20,上市
3041,揚智,24,上市
3042,晶技,28,上市
3043,科風,31,上市
3044,健鼎,28,上市
3045,台灣大,27,上市
3046,建碁,25,上市
3047,訊舟,27,上市
3048,益登,29,上市
3049,精金,26,上市
3050,鈺德,26,上市
3051,力特,26,上市
3052,夆典,14,上市
3054,立萬利,02,上市
3055,蔚華科,29,上市
3056,富華新,14,上市
3057,喬鼎,25,上市
3058,立德,28,上市
3059,華晶科,26,上市
3060,銘異,25,上市
3062,建漢,27,上市
3064,泰偉,32,上櫃
3066,李洲,26,上櫃
3067,全域,31,上櫃
3071,協禧,25,上櫃
3073,天方能源,35,上櫃
3078,僑威,28,上櫃
3081,聯亞,27,上櫃
3083,網龍,32,上櫃
3085,新零售,36,上櫃
3086,華義,32,上櫃
3088,艾訊,25,上櫃
3090,日電貿,28,上市
3092,鴻碩,28,上市
3093,港建*,31,上櫃
3094,聯傑,24,上市
3095,及成,27,上櫃
3105,穩懋,24,上櫃
3114,好德,28,上櫃
3115,富榮綱,28,上櫃
3118,進階,22,上櫃
3122,笙泉,24,上櫃
3128,昇銳,26,上櫃
3130,一零四,36,上市
3131,弘塑,31,上櫃
3135,凌航,24,上市
3138,耀登,27,上市
3141,晶宏,24,上櫃
3147,大綜,30,上櫃
3149,正達,26,上市
3150,鈺寶-創,24,上市
3152,璟德,27,上櫃
3158,嘉實,30,上櫃
3162,精確,05,上櫃
3163,波若威,27,上櫃
3164,景岳,22,上市
3167,大量,05,上市
3168,眾福科,26,上市
3169,亞信,24,上櫃
3171,炎洲流通,38,上櫃
3176,基亞,22,上櫃
3178,公準,24,上櫃
3188,鑫龍騰,14,上櫃
3189,景碩,24,上市
3191,雲嘉南,28,上櫃
3205,佰研,22,上櫃
3206,志豐,28,上櫃
3207,耀勝,28,上櫃
3209,全科,29,上市
3211,順達,25,上櫃
3213,茂訊,25,上櫃
3217,優群,28,上櫃
3218,大學光,22,上櫃
3219,倚強科,31,上櫃
3221,台嘉碩,27,上櫃
3224,三顧,29,上櫃
3226,龍鋒,05,上櫃
3227,原相,24,上櫃
3228,金麗科,24,上櫃
3229,晟鈦,28,上市
3230,錦明,26,上櫃
3231,緯創,25,上市
3232,昱捷,29,上櫃
3234,光環,27,上櫃
3236,千如,28,上櫃
3252,海灣,16,上櫃
3257,虹冠電,24,上市
3259,鑫創,24,上櫃
3260,威剛,24,上櫃
3264,欣銓,24,上櫃
3265,台星科,24,上櫃
3266,昇陽,14,上市
3268,海德威,24,上櫃
3272,東碩,25,上櫃
3276,宇環,28,上櫃
3284,太普高,20,上櫃
3285,微端,31,上櫃
3287,廣寰科,25,上櫃
3288,點晶,28,上櫃
3289,宜特,31,上櫃
3290,東浦,28,上櫃
3293,鈊象,32,上櫃
3294,英濟,28,上櫃
3296,勝德,28,上市
3297,杭特,26,上櫃
3303,岱稜,31,上櫃
3305,昇貿,31,上市
3306,鼎天,27,上櫃
3308,聯德,28,上市
3310,佳穎,28,上櫃
3311,閎暉,27,上市
3312,弘憶股,29,上市
3313,斐成,20,上櫃
3317,尼克森,24,上櫃
3321,同泰,28,上市
3322,建舜電,28,上櫃
3323,加百裕,25,上櫃
3324,雙鴻,31,上櫃
3325,旭品,25,上櫃
3332,幸康,28,上櫃
3338,泰碩,28,上市
3339,泰谷,26,上櫃
3346,麗清,12,上市
3349,寶德,25,上櫃
3354,律勝,28,上櫃
3356,奇偶,26,上市
3357,臺慶科,28,上櫃
3360,尚立,29,上櫃
3362,先進光,26,上櫃
3363,上詮,27,上櫃
3372,典範,24,上櫃
3373,熱映,31,上櫃
3374,精材,24,上櫃
3376,新日興,28,上市
3379,彬台,05,上櫃
3380,明泰,27,上市
3388,崇越電,28,上櫃
3390,旭軟,28,上櫃
3402,漢科,31,上櫃
3406,玉晶光,26,上市
3413,京鼎,24,上市
3416,融程電,25,上市
3419,譁裕,27,上市
3426,台興,05,上櫃
3430,奇鈦科,21,上櫃
3432,台端,28,上市
3434,哲固,26,上櫃
3437,榮創,26,上市
3438,類比科,24,上櫃
3441,聯一光電,26,上櫃
3443,創意,24,上市
3444,利機,29,上櫃
3447,展達,27,上市
3450,聯鈞,24,上市
3454,晶睿,26,上市
3455,由田,26,上櫃
3465,進泰電子,31,上櫃
3466,德晉,27,上櫃
3467,台灣精材,24,上櫃
3479,安勤,25,上櫃
3481,群創,26,上市
3483,力致,25,上櫃
3484,崧騰,28,上櫃
3489,森寶,14,上櫃
3490,單井,26,上櫃
3491,昇達科,27,上櫃
3492,長盛,28,上櫃
3494,誠研,25,上市
3498,陽程,31,上櫃
3499,環天科,27,上櫃
3501,維熹,28,上市
3504,揚明光,26,上市
3508,位速,31,上櫃
3511,矽瑪,28,上櫃
3512,皇龍,14,上櫃
3515,華擎,25,上市
3516,亞帝歐,26,上櫃
3518,柏騰,31,上市
3520,華盈,28,上櫃
3521,台鋼建設,14,上櫃
3522,御嵿,16,上櫃
3523,迎輝,26,上櫃
3526,凡甲,28,上櫃
3527,聚積,24,上櫃
3528,安馳,29,上市
3529,力旺,24,上櫃
3530,晶相光,24,上市
3531,先益,26,上櫃
3532,台勝科,24,上市
3533,嘉澤,28,上市
3535,晶彩科,26,上市
3537,堡達,28,上櫃
3540,曜越,25,上櫃
3541,西柏,31,上櫃
3543,州巧,26,上市
3545,敦泰,24,上市
3546,宇峻,32,上櫃
3548,兆利,28,上櫃
3550,聯穎,28,上市
3551,世禾,35,上櫃
3552,同致,31,上櫃
3555,博士旺,24,上櫃
3556,禾瑞亞,24,上櫃
3557,嘉威,38,上市
3558,神準,27,上櫃
3563,牧德,26,上市
3564,其陽,27,上櫃
3567,逸昌,24,上櫃
3570,大塚,30,上櫃
3576,聯合再生,26,上市
3577,泓格,25,上櫃
3580,友威科,31,上櫃
3581,博磊,24,上櫃
3583,辛耘,24,上市
3587,閎康,31,上櫃
3588,通嘉,24,上市
3591,艾笛森,26,上市
3592,瑞鼎,24,上市
3593,力銘,28,上市
3594,磐儀,25,上櫃
3596,智易,27,上市
3597,映興,28,上櫃
3605,宏致,28,上市
3607,谷崧,28,上市
3609,三一東林,28,上櫃
3611,鼎翰,25,上櫃
3615,安可,26,上櫃
3617,碩天,31,上市
3622,洋華,26,上市
3623,富晶通,26,上櫃
3624,光頡,28,上櫃
3625,西勝,25,上櫃
3628,盈正,31,上櫃
3629,地心引力,32,上櫃
3630,新鉅科,26,上櫃
3631,晟楠,28,上櫃
3632,研勤,27,上櫃
3645,達邁,28,上市
3646,艾恩特,28,上櫃
3652,精聯,25,上市
3653,健策,28,上市
3661,世芯-KY,24,上市
3663,鑫科,31,上櫃
3664,安瑞-KY,27,上櫃
3665,貿聯-KY,31,上市
3666,光耀,26,上櫃
3669,圓展,27,上市
3672,康聯訊,27,上櫃
3673,TPK-KY,26,上市
3675,德微,24,上櫃
3679,新至陞,28,上市
3680,家登,24,上櫃
3684,榮昌,27,上櫃
3685,元創精密,05,上櫃
3686,達能,24,上市
3687,歐買尬,36,上櫃
3689,湧德,28,上櫃
3691,碩禾,26,上櫃
3693,營邦,25,上櫃
3694,海華,27,上市
3701,大眾控,25,上市
3702,大聯大,29,上市
3703,欣陸,14,上市
3704,合勤控,27,上市
3705,永信,22,上市
3706,神達,25,上市
3707,漢磊,24,上櫃
3708,上緯投控,35,上市
3709,鑫聯大投控,25,上櫃
3710,連展投控,28,上櫃
3711,日月光投控,24,上市
3712,永崴投控,25,上市
3713,新晶投控,35,上櫃
3714,富采,26,上市
3715,定穎投控,28,上市
3716,中化控股,22,上市
3717,聯嘉投控,12,上市
4102,永日,22,上櫃
4104,佳醫,22,上市
4105,東洋,22,上櫃
4106,雃博,22,上市
4107,邦特,22,上櫃
4108,懷特,22,上市
4109,加捷生醫,22,上櫃
4111,濟生,22,上櫃
4113,聯上,14,上櫃
4114,健喬,22,上櫃
4116,明基醫,22,上櫃
4119,旭富,22,上市
4120,友華,22,上櫃
4121,優盛,22,上櫃
4123,晟德,22,上櫃
4126,太醫,22,上櫃
4127,天良,22,上櫃
4128,中天,22,上櫃
4129,聯合,22,上櫃
4130,健亞,22,上櫃
4131,浩泰,22,上櫃
4133,亞諾法,22,上市
4137,麗豐-KY,22,上市
4138,曜亞,22,上櫃
4139,馬光-KY,22,上櫃
4142,國光生,22,上市
4147,中裕,22,上櫃
4148,全宇生技-KY,22,上市
4153,鈺緯,22,上櫃
4154,樂威科-KY,20,上櫃
4155,訊映,22,上市
4157,太景*-KY,22,上櫃
4160,訊聯基因,22,上櫃
4161,聿新科,22,上櫃
4162,智擎,22,上櫃
4163,鐿鈦,22,上櫃
4164,承業醫,22,上市
4166,友霖,22,上櫃
4167,松瑞藥,22,上櫃
4168,醣聯,22,上櫃
4171,瑞基,33,上櫃
4173,久裕,22,上櫃
4174,浩鼎,22,上櫃
4175,杏一,22,上櫃
4183,福永生技,22,上櫃
4188,安克,22,上櫃
4190,佐登-KY,22,上市
4192,杏國,22,上櫃
4198,欣大健康,22,上櫃
4205,中華食,02,上櫃
4207,環泰,02,上櫃
4303,信立,03,上櫃
4304,勝昱,03,上櫃
4305,世坤,03,上櫃
4306,炎洲,03,上市
4401,東隆興,04,上櫃
4402,郡都開發,04,上櫃
4406,新昕纖,04,上櫃
4413,飛寶企業,04,上櫃
4414,如興,04,上市
4416,三圓,14,上櫃
4417,金洲,04,上櫃
4419,皇家美食,16,上櫃
4420,光明,04,上櫃
4426,利勤,04,上市
4430,耀億,20,上櫃
4432,銘旺實,04,上櫃
4433,興采,04,上櫃
4438,廣越,04,上市
4439,冠星-KY,04,上市
4440,宜新實業,04,上市
4441,振大環球,04,上市
4442,竣邦-KY,04,上櫃
4502,健信,05,上櫃
4503,金雨,05,上櫃
4506,崇友,05,上櫃
4510,高鋒,05,上櫃
4513,福裕,05,上櫃
4523,永彰,05,上櫃
4526,東台,05,上市
4527,方方土霖,05,上櫃
4528,江興鍛,05,上櫃
4529,淳紳,20,上櫃
4530,宏易,16,上櫃
4532,瑞智,05,上市
4533,協易機,05,上櫃
4534,慶騰,05,上櫃
4535,至興,05,上櫃
4536,拓凱,37,上市
4538,大詠城,05,上櫃
4540,全球傳動,05,上市
4541,晟田,20,上櫃
4542,科嶠,28,上櫃
4543,萬在,05,上櫃
4545,銘鈺,28,上市
4549,桓達,05,上櫃
4550,長佳,05,上櫃
4551,智伸科,12,上市
4552,力達-KY,05,上市
4554,橙的,31,上櫃
4555,氣立,05,上市
4556,旭然,20,上櫃
4557,永新-KY,12,上市
4558,寶緯,05,上櫃
4560,強信-KY,05,上市
4561,健椿,05,上櫃
4562,穎漢,05,上市
4563,百德,05,上櫃
4564,元翎,05,上市
4566,時碩工業,05,上市
4568,科際精密,05,上櫃
4569,六方科-KY,12,上市
4571,鈞興-KY,05,上市
4572,駐龍,05,上市
4576,大銀微系統,05,上市
4577,達航科技,31,上櫃
4580,捷流閥業,05,上櫃
4581,光隆精密-KY,12,上市
4583,台灣精銳,05,上市
4584,君帆,05,上櫃
4585,達明,31,上市
4588,玖鼎電力,31,上市
4590,富田-創,05,上市
4609,唐鋒,38,上櫃
4702,中美實,38,上櫃
4706,大恭,21,上櫃
4707,磐亞,21,上櫃
4711,永純,21,上櫃
4714,永捷,21,上櫃
4716,大立,21,上櫃
4720,德淵,21,上市
4721,美琪瑪,21,上櫃
4722,國精化,21,上市
4726,永昕,22,上櫃
4728,雙美,22,上櫃
4729,熒茂,26,上櫃
4735,豪展,22,上櫃
4736,泰博,22,上市
4737,華廣,22,上市
4739,康普,21,上市
4741,泓瀚,21,上櫃
4743,合一,22,上櫃
4744,皇將,22,上櫃
4745,合富-KY,22,上櫃
4746,台耀,22,上市
4747,強生製藥,22,上櫃
4749,新應材,24,上櫃
4754,國碳科,21,上櫃
4755,三福化,21,上市
4760,勤凱科技,31,上櫃
4763,材料*-KY,21,上市
4764,雙鍵,21,上市
4766,南寶,21,上市
4767,誠泰科技,21,上櫃
4768,晶呈科技,21,上櫃
4770,上品,21,上市
4771,望隼,22,上市
4772,台特化,21,上櫃
4804,大略-KY,16,上櫃
4806,桂田文創,32,上櫃
4807,日成-KY,18,上市
4903,聯光通,27,上櫃
4904,遠傳,27,上市
4905,台聯電,27,上櫃
4906,正文,27,上市
4907,富宇,14,上櫃
4908,前鼎,27,上櫃
4909,新復興,27,上櫃
4911,德英,22,上櫃
4912,聯德控股-KY,28,上市
4915,致伸,28,上市
4916,事欣科,25,上市
4919,新唐,24,上市
4923,力士,24,上櫃
4924,欣厚-KY,25,上櫃
4927,泰鼎-KY,28,上市
4930,燦星網,06,上市
4931,新盛力,25,上櫃
4933,友輝,26,上櫃
4934,太極,26,上市
4935,茂林-KY,26,上市
4938,和碩,25,上市
4939,亞電,28,上櫃
4942,嘉彰,26,上市
4943,康控-KY,28,上市
4946,辣椒,32,上櫃
4949,有成精密,26,上市
4950,金耘國際,10,上櫃
4951,精拓科,24,上櫃
4952,凌通,24,上市
4953,緯軟,30,上櫃
4956,光鋐,26,上市
4958,臻鼎-KY,28,上市
4960,誠美材,26,上市
4961,天鈺,24,上市
4966,譜瑞-KY,24,上櫃
4967,十銓,24,上市
4968,立積,24,上市
4971,IET-KY,24,上櫃
4972,湯石照明,26,上櫃
4973,廣穎電通,24,上櫃
4974,亞泰,28,上櫃
4976,佳凌,26,上市
4977,眾達-KY,27,上市
4979,華星光,27,上櫃
4987,科誠,25,上櫃
4989,榮科,28,上市
4991,環宇-KY,24,上櫃
4994,傳奇,30,上市
4995,晶達,26,上櫃
4999,鑫禾,28,上市
5007,三星,10,上市
5009,榮剛,10,上櫃
5011,久陽,10,上櫃
5013,強新,10,上櫃
5014,建錩,10,上櫃
5015,華祺,10,上櫃
5016,松和,10,上櫃
5201,凱衛,30,上櫃
5202,力新,30,上櫃
5203,訊連,30,上市
5205,中茂,35,上櫃
5206,坤悅,14,上櫃
5209,新鼎,20,上櫃
5210,寶碩,30,上櫃
5211,蒙恬,30,上櫃
5212,凌網,30,上櫃
5213,亞昕,14,上櫃
5215,科嘉-KY,25,上市
5220,萬達光電,26,上櫃
5222,全訊,24,上市
5223,安力-KY,25,上櫃
5225,東科-KY,31,上市
5227,立凱-KY,28,上櫃
5228,鈺鎧,28,上櫃
5230,雷笛克光學,26,上櫃
5234,達興材料,26,上市
5236,凌陽創新,24,上櫃
5243,乙盛-KY,26,上市
5244,弘凱,26,上市
5245,智晶,26,上櫃
5251,天鉞電,26,上櫃
5258,虹堡,25,上市
5263,智崴,32,上櫃
5269,祥碩,24,上市
5272,笙科,24,上櫃
5274,信驊,24,上櫃
5276,達輝-KY,20,上櫃
5278,尚凡*,36,上櫃
5283,禾聯碩,06,上市
5284,jpp-KY,20,上市
5285,界霖,24,上市
5287,數字,36,上櫃
5288,豐祥-KY,05,上市
5289,宜鼎,25,上櫃
5291,邑昇,28,上櫃
5292,華懋,35,上市
5299,杰力,24,上櫃
5301,寶得利,16,上櫃
5302,太欣,24,上櫃
5306,桂盟,37,上市
5309,系統電,28,上櫃
5310,天剛,30,上櫃
5312,寶島科,22,上櫃
5314,世紀*,20,上櫃
5315,光聯,26,上櫃
5321,美而快,36,上櫃
5324,士開,14,上櫃
5328,華容,28,上櫃
5340,建榮,28,上櫃
5344,立衛,24,上櫃
5345,馥鴻,20,上櫃
5347,世界,24,上櫃
5348,正能量智能,37,上櫃
5351,鈺創,24,上櫃
5353,台林,27,上櫃
5355,佳總,28,上櫃
5356,協益,25,上櫃
5364,力麗店,16,上櫃
5371,中光電,26,上櫃
5381,光譜,28,上櫃
5386,青雲,25,上櫃
5388,中磊,27,上市
5392,能率,26,上櫃
5398,慕康生醫,20,上櫃
5403,中菲,30,上櫃
5410,國眾,30,上櫃
5425,台半,24,上櫃
5426,振發,25,上櫃
5432,新門,35,上櫃
5434,崇越,29,上市
5438,東友,25,上櫃
5439,高技,28,上櫃
5443,均豪,24,上櫃
5450,南良,20,上櫃
5452,佶優,31,上櫃
5455,昇益,14,上櫃
5457,宣德,28,上櫃
5460,同協,28,上櫃
5464,霖宏,28,上櫃
5465,富驊,25,上櫃
5468,凱鈺,24,上櫃
5469,瀚宇博,28,上市
5471,松翰,24,上市
5474,聰泰,25,上櫃
5475,德宏,28,上櫃
5478,智冠,32,上櫃
5481,新華,20,上櫃
5483,中美晶,24,上櫃
5484,慧友,26,上市
5487,通泰,24,上櫃
5488,松普,28,上櫃
5489,彩富,31,上櫃
5490,同亨,25,上櫃
5493,三聯,31,上櫃
5498,凱崴,28,上櫃
5508,永信建,14,上櫃
5511,德昌,14,上櫃
5512,力麒,14,上櫃
5514,三豐,14,上櫃
5515,建國,14,上市
5516,雙喜,14,上櫃
5519,隆大,14,上市
5520,力泰,14,上櫃
5521,工信,14,上市
5522,遠雄,14,上市
5523,豐謙,14,上櫃
5525,順天,14,上市
5529,鉅陞,14,上櫃
5530,龍巖,20,上櫃
5531,鄉林,14,上市
5533,皇鼎,14,上市
5534,長虹,14,上市
5536,聖暉*,31,上櫃
5538,東明-KY,10,上市
5543,桓鼎-KY,14,上櫃
5546,永固-KY,14,上市
5547,久舜,14,上櫃
5548,安倉,14,上櫃
5601,台聯櫃,15,上櫃
5603,陸海,15,上櫃
5604,中連,20,上櫃
5607,遠雄港,15,上市
5608,四維航,15,上市
5609,中菲行,15,上櫃
5701,劍湖山,16,上櫃
5703,亞都麗緻,16,上櫃
5704,老爺知,16,上櫃
5706,鳳凰,16,上市
5864,致和證,17,上櫃
5871,中租-KY,20,上市
5876,上海商銀,17,上市
5878,台名,17,上櫃
5880,合庫金,17,上市
5902,德記,38,上櫃
5903,全家,38,上櫃
5904,寶雅,38,上櫃
5905,南仁湖,16,上櫃
5906,台南-KY,18,上市
5907,大洋-KY,18,上市
6005,群益證,17,上市
6015,宏遠證,17,上櫃
6016,康和證,17,上櫃
6020,大展證,17,上櫃
6021,美好證,17,上櫃
6023,元大期貨,17,上櫃
6024,群益期,17,上市
6026,福邦證,17,上櫃
6101,寬魚國際,32,上櫃
6103,合邦,24,上櫃
6104,創惟,24,上櫃
6108,競國,28,上市
6109,亞元,27,上櫃
6111,光聚晶電,32,上櫃
6112,邁達特,30,上市
6113,亞矽,29,上櫃
6114,久威,28,上櫃
6115,鎰勝,28,上市
6116,彩晶,26,上市
6117,迎廣,25,上市
6118,建達,29,上櫃
6120,達運,26,上市
6121,新普,25,上櫃
6122,擎邦,05,上櫃
6123,上奇,30,上櫃
6124,業強,28,上櫃
6125,廣運,26,上櫃
6126,信音,28,上櫃
6127,九豪,28,上櫃
6128,上福,25,上市
6129,普誠,24,上櫃
6130,上亞科技,22,上櫃
6133,金橋,28,上市
6134,萬旭,28,上櫃
6136,富爾特,27,上市
6138,茂達,24,上櫃
6139,亞翔,31,上市
6140,訊達電腦,30,上櫃
6141,柏承,28,上市
6142,友勁,27,上市
6143,振曜,27,上櫃
6144,得利影,32,上櫃
6146,耕興,31,上櫃
6147,頎邦,24,上櫃
6148,驊宏資,30,上櫃
6150,撼訊,25,上櫃
6151,晉倫,31,上櫃
6152,百一,27,上市
6153,嘉聯益,28,上市
6154,順發,29,上櫃
6155,鈞寶,28,上市
6156,松上,28,上櫃
6158,禾昌,28,上櫃
6160,欣技,25,上櫃
6161,捷波,25,上櫃
6163,華電網,27,上櫃
6164,華興,26,上市
6165,浪凡,36,上市
6166,凌華,25,上市
6167,久正,26,上櫃
6168,宏齊,26,上市
6169,昱泉,32,上櫃
6170,統振,27,上櫃
6171,大城地產,14,上櫃
6173,信昌電,28,上櫃
6174,安碁,28,上櫃
6175,立敦,28,上櫃
6176,瑞儀,26,上市
6177,達麗,14,上市
6179,亞通,20,上櫃
6180,橘子,32,上櫃
6182,合晶,24,上櫃
6183,關貿,30,上市
6184,大豐電,20,上市
6185,幃翔,28,上櫃
6186,新潤,14,上櫃
6187,萬潤,24,上櫃
6188,廣明,25,上櫃
6189,豐藝,29,上市
6190,萬泰科,27,上櫃
6191,精成科,28,上市
6192,巨路,31,上市
6194,育富,28,上櫃
6195,詩肯,38,上櫃
6196,帆宣,31,上市
6197,佳必琪,28,上市
6198,瑞築,14,上櫃
6199,天品,20,上櫃
6201,亞弘電,31,上市
6202,盛群,24,上市
6203,海韻電,28,上櫃
6204,艾華,28,上櫃
6205,詮欣,28,上市
6206,飛捷,25,上市
6207,雷科,28,上櫃
6208,日揚,24,上櫃
6209,今國光,26,上市
6210,慶生,28,上櫃
6212,理銘,14,上櫃
6213,聯茂,28,上市
6214,精誠,30,上市
6215,和椿,31,上市
6216,居易,27,上市
6217,中探針,28,上櫃
6218,豪勉,27,上櫃
6219,富旺,14,上櫃
6220,岳豐,28,上櫃
6221,晉泰,30,上櫃
6222,立軒,26,上櫃
6223,旺矽,24,上櫃
6224,聚鼎,28,上市
6225,天瀚,26,上市
6226,光鼎,26,上市
6227,茂綸,29,上櫃
6228,全譜,25,上櫃
6229,研通,24,上櫃
6230,尼得科超眾,25,上市
6231,系微,30,上櫃
6233,旺玖,24,上櫃
6234,高僑,26,上櫃
6235,華孚,25,上市
6236,中湛,20,上櫃
6237,驊訊,24,上櫃
6239,力成,24,上市
6240,松崗,30,上櫃
6241,鑫永洋,27,上櫃
6242,立康,22,上櫃
6243,迅杰,24,上市
6244,茂迪,26,上櫃
6245,立端,27,上櫃
6246,臺龍,26,上櫃
6248,沛波,10,上櫃
6257,矽格,24,上市
6259,百徽,28,上櫃
6261,久元,24,上櫃
6263,普萊德,27,上櫃
6264,富裔,14,上櫃
6265,方土昶,29,上櫃
6266,泰詠,28,上櫃
6269,台郡,28,上市
6270,倍微,29,上櫃
6271,同欣電,24,上市
6272,驊陞,28,上市
6274,台燿,28,上櫃
6275,元山,28,上櫃
6276,安鈦克,25,上櫃
6277,宏正,25,上市
6278,台表科,26,上市
6279,胡連,28,上櫃
6281,全國電,29,上市
6282,康舒,28,上市
6283,淳安,31,上市
6284,佳邦,28,上櫃
6285,啟碁,27,上市
6290,良維,28,上櫃
6291,沛亨,24,上櫃
6292,迅德,28,上櫃
6294,智基,32,上櫃
6405,悅城,26,上市
6409,旭隼,31,上市
6411,晶焱,24,上櫃
6412,群電,28,上市
6414,樺漢,25,上市
6415,矽力*-KY,24,上市
6416,瑞祺電通,27,上市
6417,韋僑,27,上櫃
6418,詠昇,28,上櫃
6419,京晨科,26,上櫃
6423,億而得,24,上櫃
6425,易發,05,上櫃
6426,統新,27,上市
6431,光麗-KY,22,上市
6432,今展科,28,上櫃
6435,大中,24,上櫃
6438,迅得,31,上市
6441,廣錠,25,上櫃
6442,光聖,27,上市
6443,元晶,26,上市
6446,藥華藥,22,上市
6449,鈺邦,28,上市
6451,訊芯-KY,24,上市
6456,GIS-KY,26,上市
6461,益得,22,上櫃
6462,神盾,24,上櫃
6464,台數科,20,上市
6465,威潤,27,上櫃
6469,大樹,22,上櫃
6470,宇智,27,上櫃
6472,保瑞,22,上市
6474,華豫寧,29,上櫃
6477,安集,26,上市
6482,弘煜科,32,上櫃
6485,點序,24,上櫃
6486,互動,27,上櫃
6488,環球晶,24,上櫃
6491,晶碩,22,上市
6492,生華科,22,上櫃
6494,九齊,24,上櫃
6496,科懋,22,上櫃
6498,久禾光,26,上櫃
6499,益安,22,上櫃
6504,南六,20,上市
6505,台塑化,23,上市
6506,雙邦,04,上櫃
6508,惠光,33,上櫃
6509,聚和,21,上櫃
6510,精測,24,上櫃
6512,啟發電,31,上櫃
6515,穎崴,24,上市
6516,勤崴國際,30,上櫃
6517,保勝光學,26,上櫃
6523,達爾膚,22,上櫃
6525,捷敏-KY,24,上市
6526,達發,24,上市
6527,明達醫,22,上櫃
6530,創威,27,上櫃
6531,愛普*,24,上市
6532,瑞耘,24,上櫃
6533,晶心科,24,上市
6534,正瀚-創,22,上市
6535,順藥,22,上櫃
6538,倉和,28,上櫃
6541,泰福-KY,22,上市
6542,隆中,32,上櫃
6546,正基,27,上櫃
6547,高端疫苗,22,上櫃
6548,長科*,24,上櫃
6550,北極星藥業-KY,22,上市
6552,易華電,24,上市
6556,勝品,26,上櫃
6558,興能高,31,上市
6560,欣普羅,26,上櫃
6561,是方,27,上櫃
6568,宏觀,24,上櫃
6569,醫揚,22,上櫃
6570,維田,25,上櫃
6573,虹揚-KY,24,上市
6574,霈方,22,上櫃
6576,逸達,22,上櫃
6577,勁豐,25,上櫃
6578,達邦蛋白,33,上櫃
6579,研揚,25,上市
6581,鋼聯,35,上市
6582,申豐,11,上市
6584,南俊國際,28,上櫃
6585,鼎基,20,上市
6588,東典光電,27,上櫃
6589,台康生技,22,上市
6590,普鴻,30,上櫃
6591,動力-KY,25,上市
6592,和潤企業,20,上市
6593,台灣銘板,30,上櫃
6596,寬宏藝術,32,上櫃
6597,立誠,28,上櫃
6598,ABC-KY,22,上市
6603,富強鑫,05,上櫃
6605,帝寶,12,上市
6606,建德工業,05,上市
6609,瀧澤科,05,上櫃
6612,奈米醫材,22,上櫃
6613,朋億*,31,上櫃
6614,資拓宏宇,36,上市
6615,慧智,22,上櫃
6616,特昇-KY,38,上櫃
6617,共信-KY,22,上櫃
6620,漢達,22,上櫃
6624,萬年清,35,上櫃
6625,必應,20,上市
6629,泰金-KY,38,上櫃
6637,醫影,22,上櫃
6640,均華,24,上櫃
6641,基士德-KY,35,上市
6642,富致,28,上櫃
6643,M31,24,上櫃
6645,金萬林-創,22,上市
6649,台生材,22,上櫃
6651,全宇昕,24,上櫃
6654,天正國際,31,上櫃
6655,科定,20,上市
6657,華安,22,上市
6658,聯策,31,上市
6661,威健生技,22,上櫃
6662,樂斯科,22,上櫃
6664,群翊,28,上櫃
6666,羅麗芬-KY,22,上市
6667,信紘科,31,上櫃
6668,中揚光,26,上市
6669,緯穎,25,上市
6670,復盛應用,37,上市
6671,三能-KY,38,上市
6672,騰輝電子-KY,28,上市
6674,鋐寶科技,27,上市
6679,鈺太,24,上櫃
6680,鑫創電子,25,上櫃
6683,雍智科技,24,上櫃
6684,安格,24,上櫃
6689,伊雲谷,36,上市
6690,安碁資訊,36,上櫃
6691,洋基工程,31,上市
6692,進能服,35,上櫃
6693,廣閎科,24,上櫃
6695,芯鼎,24,上市
6697,東捷資訊,30,上櫃
6698,旭暉應材,31,上市
6703,軒郁,22,上櫃
6706,惠特,26,上市
6708,天擎,24,上櫃
6712,長聖,22,上櫃
6715,嘉基,28,上市
6716,應廣,24,上櫃
6719,力智,24,上市
6720,久昌,24,上櫃
6721,信實,20,上櫃
6722,輝創,31,上市
6725,矽科宏晟,31,上櫃
6727,亞泰金屬,28,上櫃
6728,上洋,38,上櫃
6730,常廣,22,上櫃
6732,昇佳電子,24,上櫃
6733,博晟生醫,22,上櫃
6735,美達科技,31,上櫃
6739,竹陞科技,31,上櫃
6741,91APP*-KY,36,上櫃
6742,澤米,26,上市
6743,安普新,31,上市
6751,智聯服務,30,上櫃
6752,叡揚,30,上櫃
6753,龍德造船,15,上市
6754,匯僑設計,38,上市
6756,威鋒電子,24,上市
6757,台灣虎航,15,上市
6761,穩得,28,上櫃
6762,達亞,22,上櫃
6763,綠界科技*,36,上櫃
6767,台微醫,22,上櫃
6768,志強-KY,37,上市
6770,力積電,24,上市
6771,平和環保-創,35,上市
6776,展碁國際,29,上市
6781,AES-KY,28,上市
6782,視陽,22,上市
6785,昱展新藥,22,上櫃
6788,華景電,24,上櫃
6789,采鈺,24,上市
6790,永豐實,09,上市
6791,虎門科技,30,上櫃
6792,詠業,27,上市
6794,向榮生技,22,上市
6796,晉弘,22,上市
6799,來頡,24,上市
6803,崑鼎,35,上櫃
6804,明係,37,上櫃
6805,富世達,28,上市
6806,森崴能源,35,上市
6807,峰源-KY,38,上市
6811,宏碁資訊,36,上櫃
6821,聯寶,28,上櫃
6823,濾能,24,上櫃
6829,千附精密,24,上櫃
6830,汎銓,31,上市
6831,邁科,25,上市
6834,天二科技,28,上市
6835,圓裕,28,上市
6838,台新藥,22,上市
6840,東研信超,31,上櫃
6841,長佳智能,22,上櫃
6843,進典,05,上櫃
6844,諾貝兒,22,上櫃
6846,綠茵,02,上櫃
6854,錼創科技-KY創,24,上市
6855,數泓科,31,上櫃
6856,鑫傳,32,上櫃
6859,伯特光,26,上櫃
6861,睿生光電,22,上市
6862,三集瑞-KY,28,上市
6863,永道-KY,27,上市
6865,偉康科技,36,上櫃
6869,雲豹能源,35,上市
6870,騰雲,36,上櫃
6872,浩宇生醫,22,上櫃
6873,泓德能源,35,上市
6874,倍力,30,上櫃
6875,國邑*,22,上櫃
6877,鏵友益,31,上櫃
6881,潤德,20,上櫃
6884,海柏特,30,上櫃
6885,全福生技,22,上市
6887,寶綠特-KY,35,上市
6890,來億-KY,37,上市
6894,衛司特,35,上櫃
6895,宏碩系統,24,上櫃
6899,創為精密,26,上櫃
6901,鑽石投資,20,上市
6902,GOGOLOOK,36,上市
6903,巨漢,31,上櫃
6904,伯鑫,20,上櫃
6906,現觀科,36,上市
6907,雅特力-KY,24,上櫃
6909,創控,24,上市
6910,德鴻,36,上櫃
6913,鴻呈,28,上櫃
6914,阜爾運通,20,上市
6916,華凌,26,上市
6918,愛派司,22,上市
6919,康霈*,22,上市
6921,嘉雨思-創,24,上市
6922,宸曜,25,上櫃
6923,中台,35,上市
6924,榮惠-KY創,28,上市
6925,意藍,36,上櫃
6928,攸泰科技,25,上市
6929,佑全,22,上櫃
6931,青松健康,22,上市
6933,AMAX-KY,25,上市
6934,心誠鎂,22,上市
6936,永鴻生技,22,上市
6937,天虹,24,上市
6944,兆聯實業,35,上市
6949,沛爾生醫-創,22,上市
6951,青新-創,35,上市
6952,大武山,20,上市
6953,家碩,24,上櫃
6955,邦睿生技-創,22,上市
6957,裕慶-KY,20,上市
6958,日盛台駿,20,上市
6961,旅天下,16,上櫃
6962,奕力-KY,24,上市
6965,中傑-KY,37,上市
6967,汎瑋材料,28,上櫃
6968,萬達寵物,38,上櫃
6969,成信實業*-創,35,上市
6971,惠民實業,35,上櫃
6982,大井泵浦,05,上櫃
6988,威力暘-創,12,上市
6994,富威電力,35,上市
6996,力領科技,24,上櫃
6997,博弘,36,上櫃
7402,邑錡,26,上櫃
7547,碩網,36,上櫃
7556,意德士科技,24,上櫃
7584,樂意,32,上櫃
7610,聯友金屬-創,35,上市
7631,聚賢研發-創,31,上市
7642,昶瑞機電,05,上櫃
7703,銳澤,31,上櫃
7704,明遠精密,24,上櫃
7705,三商餐飲,16,上市
7708,全家餐飲,16,上櫃
7709,榮田,05,上櫃
7711,永擎,25,上市
7712,博盛半導體,24,上櫃
7713,威力德生醫,22,上櫃
7714,創泓科技,36,上櫃
7715,裕山,35,上櫃
7716,昱臺國際,15,上櫃
7717,萊德光電-KY,27,上櫃
7718,友鋮,10,上櫃
7721,微程式,36,上市
7722,LINEPAY,36,上市
7723,築間,16,上櫃
7728,光焱科技,31,上櫃
7730,暉盛-創,24,上市
7732,金興精密,12,上市
7734,印能科技,24,上櫃
7736,虎山,12,上市
7738,東聯互動,36,上櫃
7740,熙特爾-創,35,上市
7743,金利食安,02,上櫃
7744,崴寶,28,上櫃
7747,昕奇雲端,36,上櫃
7749,意騰-KY,24,上市
7750,新代,05,上市
7751,竑騰,24,上櫃
7753,星亞,26,上櫃
7757,金色三麥,16,上櫃
7765,中華資安,36,上市
7767,仁大資訊,30,上櫃
7769,鴻勁,24,上市
7770,君曜,24,上櫃
7777,能率亞洲,20,上櫃
7780,大研生醫*,02,上市
7782,光速火箭,38,上櫃
7786,東方風能,35,上市
7788,松川精密,28,上市
7791,皇家可口,02,上市
7792,安葆,31,上櫃
7795,長廣,28,上市
7799,禾榮科,22,上市
7805,威聯通,36,上櫃
7810,捷創科技,24,上櫃
7823,奧義賽博-KY創,36,上市
8011,台通,27,上市
8016,矽創,24,上市
8021,尖點,31,上市
8024,佑華,24,上櫃
8027,鈦昇,05,上櫃
8028,昇陽半導體,24,上市
8032,光菱,29,上櫃
8033,雷虎,20,上市
8034,榮群,27,上櫃
8038,長園科,28,上櫃
8039,台虹,28,上市
8040,九暘,24,上櫃
8042,金山電,28,上櫃
8043,蜜望實,28,上櫃
8044,網家,36,上櫃
8045,達運光電,27,上市
8046,南電,28,上市
8047,星雲,31,上櫃
8048,德勝,27,上櫃
8049,晶采,26,上櫃
8050,廣積,25,上櫃
8054,安國,24,上櫃
8059,凱碩,27,上櫃
8064,東捷,26,上櫃
8066,來思達,38,上櫃
8067,志旭,29,上櫃
8068,全達,29,上櫃
8069,元太,26,上櫃
8070,長華*,29,上市
8071,能率網通,28,上櫃
8072,陞泰,29,上市
8074,鉅橡,28,上櫃
8076,伍豐,25,上櫃
8077,洛碁,16,上櫃
8080,泰霖,14,上櫃
8081,致新,24,上市
8083,瑞穎,05,上櫃
8084,巨虹,29,上櫃
8085,福華,31,上櫃
8086,宏捷科,24,上櫃
8087,麗升能源,35,上櫃
8088,品安,24,上櫃
8089,康全電訊,27,上櫃
8091,翔名,24,上櫃
8092,建暐,31,上櫃
8093,保銳,28,上櫃
8096,擎亞,29,上櫃
8097,常珵,27,上櫃
8099,大世科,30,上櫃
8101,華冠,27,上市
8102,傑霖科技,24,上櫃
8103,瀚荃,28,上市
8104,錸寶,26,上市
8105,凌巨,26,上市
8107,大億金茂,05,上櫃
8109,博大,28,上櫃
8110,華東,24,上市
8111,立碁,26,上櫃
8112,至上,29,上市
8114,振樺電,25,上市
8121,越峰,28,上櫃
8131,福懋科,24,上市
8147,正淩,28,上櫃
8150,南茂,24,上市
8155,博智,28,上櫃
8162,微矽電子-創,24,上市
8163,達方,25,上市
8171,天宇,35,上櫃
8176,智捷,27,上櫃
8182,加高,28,上櫃
8183,精星,31,上櫃
8201,無敵,31,上市
8210,勤誠,25,上市
8213,志超,28,上市
8215,明基材,26,上市
8222,寶一,05,上市
8227,巨有科技,24,上櫃
8234,新漢,25,上櫃
8240,華宏,26,上櫃
8249,菱光,28,上市
8255,朋程,05,上櫃
8261,富鼎,24,上市
8271,宇瞻,24,上市
8272,全景軟體,30,上櫃
8277,商丞,24,上櫃
8279,生展,22,上櫃
8284,三竹,30,上櫃
8289,泰藝,28,上櫃
8291,尚茂,28,上櫃
8299,群聯,24,上櫃
8341,日友,35,上市
8342,益張,20,上櫃
8349,恒耀國際,10,上櫃
8354,冠好,20,上櫃
8358,金居,28,上櫃
8367,建新國際,15,上市
8374,羅昇,05,上市
8383,千附,24,上櫃
8390,金益鼎,35,上櫃
8401,白紗科,20,上櫃
8403,盛弘,22,上櫃
8404,百和興業-KY,20,上市
8409,商之器,22,上櫃
8410,森田,25,上櫃
8411,福貞-KY,20,上市
8415,大國鋼,10,上櫃
8416,實威,30,上櫃
8421,旭源,20,上櫃
8422,可寧衛*,35,上市
8423,保綠-KY,35,上櫃
8424,惠普,14,上櫃
8426,紅木-KY,20,上櫃
8429,金麗-KY,18,上市
8431,匯鑽科,31,上櫃
8432,東生華,22,上櫃
8433,弘帆,38,上櫃
8435,鉅邁,20,上櫃
8436,大江,22,上櫃
8437,大地-KY,20,上櫃
8438,昶昕,35,上市
8440,綠電,35,上櫃
8442,威宏-KY,20,上市
8443,阿瘦,18,上市
8444,綠河-KY,20,上櫃
8446,華研,32,上櫃
8450,霹靂,32,上櫃
8454,富邦媒,36,上市
8455,大拓-KY,31,上櫃
8462,柏文,37,上市
8463,潤泰材,20,上市
8464,億豐,38,上市
8466,美吉吉-KY,20,上市
8467,波力-KY,37,上市
8472,夠麻吉,36,上櫃
8473,山林水,35,上市
8476,台境*,35,上市
8477,創業家,36,上櫃
8478,東哥遊艇,37,上市
8481,政伸,20,上市
8482,商億-KY,38,上市
8487,愛爾達-創,36,上市
8488,吉源-KY,20,上市
8489,三貝德,20,上櫃
8499,鼎炫-KY,31,上市
8905,裕國,20,上櫃
8906,花王,20,上櫃
8908,欣雄,23,上櫃
8916,光隆,20,上櫃
8917,欣泰,23,上櫃
8921,沈氏,20,上櫃
8923,時報,32,上櫃
8924,大田,37,上櫃
8926,台汽電,23,上市
8927,北基,23,上櫃
8928,鉅明,37,上櫃
8929,富堡,20,上櫃
8930,青鋼,10,上櫃
8931,大汽電,23,上櫃
8932,智通*,20,上櫃
8933,愛地雅,37,上櫃
8935,邦泰,20,上櫃
8936,國統,20,上櫃
8937,合騏,20,上櫃
8938,明安,37,上櫃
8940,新天地,16,上市
8941,關中,38,上櫃
8942,森鉅,20,上櫃
8996,高力,05,上市
9103,美德醫療-DR,91,上市
910322,康師傅-DR,91,上市
9105,泰金寶-DR,91,上市
910861,神州-DR,91,上市
9110,越南控-DR,91,上市
911608,明輝-DR,91,上市
911622,泰聚亨-DR,91,上市
911868,同方友友-DR,91,上市
912000,晨訊科-DR,91,上市
9136,巨騰-DR,91,上市
9802,鈺齊-KY,37,上市
9902,台火,20,上市
9904,寶成,37,上市
9905,大華,20,上市
9906,欣巴巴,14,上市
9907,統一實,20,上市
9908,大台北,23,上市
9910,豐泰,37,上市
9911,櫻花,38,上市
9912,偉聯,25,上市
9914,美利達,37,上市
9917,中保科,20,上市
9918,欣天然,23,上市
9919,康那香,20,上市
9921,巨大,37,上市
9924,福興,38,上市
9925,新保,20,上市
9926,新海,23,上市
9927,泰銘,20,上市
9928,中視,20,上市
9929,秋雨,20,上市
9930,中聯資源,35,上市
9931,欣高,23,上市
9933,中鼎,20,上市
9934,成霖,38,上市
9935,慶豐富,38,上市
9937,全國,23,上市
9938,百和,20,上市
9939,宏全,20,上市
9940,信義,20,上市
9941,裕融,20,上市
9942,茂順,20,上市
9943,好樂迪,16,上市
9944,新麗,20,上市
9945,潤泰新,20,上市
9946,三發地產,14,上市
9949,琉園,32,上櫃
9950,萬國通,03,上櫃
9951,皇田,05,上櫃
9955,佳龍,35,上市
9958,世紀鋼,10,上市
9960,邁達康,37,上櫃
9962,有益,10,上櫃
